Client ID,Holiday ID,Client name,Client date of birth,Contact email,Medical form
BRA25,TH4,Laura Bradley,25/12/1960,bradleyl@chat.com,FALSE
BRI30,UK1,Alana Brinkley,30/04/1968,brinkleyc@virgin.net,TRUE
DER16,MX2,Sally Derry,16/06/1949,derrys@virgin.net,FALSE
GAT04,MD2,Pat Gate,04/10/1954,pgate@virgin.net,FALSE
GRE07,UK3,Damon Green,07/10/1978,greend@chat.com,FALSE
GRE13,PH3,Allan McMinn,13/02/1949,mcminn@talk.org,TRUE
HUC08,PH2,Stephanie Huckle,08/01/2000,huckles@talk.org,TRUE
HUG24,EG1,Sam Hughes,24/02/2000,hughes@hotmail.org,TRUE
ISS06,MX4,Tom Issacs,06/04/1967,tomissacs@chat.com,TRUE
JAC17,TH2,Lola Jackson,17/09/1985,jacksonl@chat.com,TRUE
JAR13,MX1,Celia Jarrett,13/03/1952,jarrettc@talk.org,TRUE
JAR21,MD2,Sam Jarvis,21/07/1976,jarviss@chat.com,FALSE
JON25,TH4,Brien Jones,25/09/1985,jonesb@virgin.net,FALSE
LAN19,EG2,Debra Landings,19/11/1989,landings@fortran.net,TRUE
LEG10,MD2,Graham Legge,10/09/1998,leggeg@talk.org,TRUE
LIS04,UK2,Tristan Lister,04/08/1994,listertris@talk.org,TRUE
LIS30,UK2,Sebastian Lister,30/01/1996,listerseb@talk.org,FALSE
NAT23,MX3,Beverley Nathans,23/11/1998,nathansbev@fortran.net,TRUE
PAS09,PH4,Wendy Pascal,09/09/1985,pascalw@talk.org,FALSE
PET19,UK4,Mary Peters,19/06/1999,petersm@fortran.net,TRUE
REE12,MD3,Harry Rees,12/10/1972,reeshar@chat.com,FALSE
ROE12,TH3,Matt Roedean,12/04/1964,roedeanM@virgin.net,TRUE
SHI07,PH1,Natalie Shinty,07/07/1964,shintyn@fortran.net,FALSE
SIM12,EG3,Kim Simmonds,12/03/1987,simmonds@virgin.net,TRUE
TAY23,UK1,Ross Taylor,23/06/1950,ross@chat.com,TRUE
TER07,MD4,Frank Terry,07/06/1958,terryf@virgin.net,TRUE
THI03,EG4,Kate Thirst,03/11/1963,thirstk@fortran.net,TRUE
THO12,TH1,Alex Thomas,12/03/1987,thomas@chat.com,TRUE
WHI04,MX1,Joanne Whiting,04/02/1961,whiting@virgin.net,FALSE
WIL09,EG1,Pat Wilmott,09/07/1975,wilmotpat@chat.com,TRUE
WIL17,EG2,Sarah Williams,17/08/1999,sarahw@virgin.net,TRUE
YEN18,MD1,Ola Yendle,18/12/2000,yendleola@talk.org,FALSE
YOU31,TH1,Thomas Young,31/03/1986,tomyoung@virgin.net,TRUE
