GUEST_ID,TITLE,LAST NAME,POST CODE,MOBILE NUMBER,DATE OF BIRTH
101,MR,Jayasinghe,Z26 4UT,07700 900912,19/06/1964
102,MS,Danza,W29 2HQ,07700 900384,11/04/1986
103,DR,Zizzi,T26 2GQ,07700 900029,05/06/1978
104,MR,Fonseca,A29 3NR,07700 900695,26/10/1961
105,MS,Meredith,B25 3FN,07700 900953,21/02/1992
106,MR,Rodrigo,P27 4QN,07700 900551,03/03/1998
107,MR,Perry,K28 8JY,07700 900438,20/02/1976
108,MR,Gunter,L27 6PA,07700 900949,09/12/1981
109,DR,Heath,C29 1ZK,07700 900397,26/09/1967
110,MRS,Gerrard,X25 6XY,07700 900600,24/08/1995
111,MS,Ali,Q24 7BK,07700 900249,15/06/1973
112,MS,Perez,J25 6BU,07700 900440,25/10/1971
113,MS,Lakmir,N28 1OT,07700 900656,28/01/1984
114,DR,Bellamy,M26 5MT,07700 900769,06/03/1976
115,MR,Alwis,V25 6BU,07700 900891,24/07/1972
116,MS,Peiris,Z25 4ZG,07700 900154,05/11/2000
117,MS,Meesham,B26 1JH,07700 900847,18/10/1999
118,MS,Santana,R27 7YS,07700 900074,24/06/1975
119,MS,Dias,W25 1DB,07700 900093,24/09/2000
120,MR,Pike,Y25 1LC,07700 900560,19/11/1994
121,MR,Daza,G25 1LW,07700 900714,11/02/1966
122,MR,Campi,B27 1LR,07700 900191,23/06/1997
123,MR,Pathirana,V24 2OF,07700 900627,23/01/2000
124,DR,Agro,W28 7PJ,07700 900192,10/09/1964
125,DR,Campbell,X29 5NS,07700 900310,28/12/1966
126,MR,Rizza,Z27 1VN,07700 900542,26/12/1967
127,MS,Templeton,U24 3XZ,07700 900687,16/07/1975
128,MR,Loosemore,I27 8MQ,07700 900603,07/05/1982
129,MS,Senanayake,O28 7EI,07700 900229,12/07/1961
130,MR,Rafferty,V27 8GZ,07700 900329,29/04/1987
